0,Jax,6,0,1,top
0,Warwick,2,0,1,jungle
0,Corki,7,0,1,adc
0,Blitzcrank,4,0,1,support
0,Ryze,3,0,1,mid:top
0,Sion,4,0,1,top
0,Heimerdinger,4,0,1,mid
0,Ashe,4,0,1,adc
0,Taric,3,0,1,support
0,Master Yi,2,0,1,jungle:top
1,Gangplank,5,1,1,top
1,Blitzcrank,4,1,2,support
1,Annie,8,1,1,mid
1,Ryze,3,1,2,mid:top
1,Teemo,4,1,1,top:mid:support
1,Zilean,4,1,1,support
1,Ashe,4,1,2,adc
1,Singed,5,1,1,top
1,Katarina,5,1,1,mid:top
2,Jax,6,2,2,top
2,Kassadin,8,2,1,mid
2,Kayle,5,2,1,support:mid
2,Morgana,6,2,1,mid:support
2,Twitch,8,2,1,adc
2,Nunu,1,2,1,support:jungle
2,Alistar,8,2,1,support
2,Tristana,3,2,1,adc:mid
2,Veigar,6,2,1,mid
2,Master Yi,2,2,2,jungle:top
3,Anivia,8,3,1,mid
3,Sivir,5,3,1,adc
3,Malphite,3,3,1,top:jungle
3,Dr. Mundo,4,3,1,jungle
3,Sion,4,3,2,top
3,Nasus,2,3,1,top
3,Amumu,4,3,1,jungle
3,Taric,3,3,2,support
3,Soraka,3,3,1,support
4,Twisted Fate,9,4,1,mid
4,Shaco,9,4,1,jungle
4,Anivia,8,1,2,mid
4,Annie,8,3,2,mid
4,Udyr,5,3,2,jungle:top
4,Cho'Gath,7,4,1,jungle:top
4,Heimerdinger,4,4,2,mid
4,Nunu,1,2,2,support:jungle
4,Tristana,3,2,2,adc:mid
4,Master Yi,2,2,3,jungle:top
5,Warwick,2,5,2,jungle
5,Sivir,5,2,2,adc
5,Karthus,8,5,1,mid
5,Kayle,5,3,2,support:mid
5,Dr. Mundo,4,2,2,jungle
5,Zilean,4,4,2,support
5,Ashe,4,4,3,adc
5,Singed,5,4,2,top
5,Janna,9,5,1,support
5,Evelynn,8,5,1,mid:jungle
6,Tryndamere,6,6,1,top
6,Gangplank,5,5,2,top
6,Annie,8,2,3,mid
6,Ryze,3,5,3,mid:top
6,Teemo,4,5,2,top:mid:support
6,Nasus,2,3,2,top
6,Morgana,6,4,2,mid:support
6,Alistar,8,4,2,support
6,Taric,3,3,3,support
6,Tristana,3,2,3,adc:mid
7,Rammus,5,7,1,jungle
7,Corki,7,7,2,adc
7,Sivir,5,2,3,adc
7,Malphite,3,4,2,top:jungle
7,Blitzcrank,4,6,3,support
7,Udyr,5,3,3,jungle:top
7,Katarina,5,6,2,mid:top
7,Soraka,3,4,2,support
7,Veigar,6,5,2,mid
8,Jax,6,6,3,top
8,Warwick,2,3,3,jungle
8,Ryze,3,2,4,mid:top
8,Fiddlesticks,5,8,1,jungle:support
8,Zilean,4,3,3,support
8,Cho'Gath,7,4,2,jungle:top
8,Amumu,4,5,2,jungle
8,Heimerdinger,4,4,3,mid
8,Ashe,4,3,4,adc
8,Twitch,8,6,2,adc
9,Twisted Fate,9,5,2,mid
9,Kassadin,8,7,2,mid
9,Kayle,5,4,3,support:mid
9,Annie,8,3,4,mid
9,Dr. Mundo,4,4,3,jungle
9,Morgana,6,3,3,mid:support
9,Nunu,1,5,3,support:jungle
9,Tristana,3,3,4,adc:mid
9,Janna,9,4,2,support
9,Master Yi,2,5,4,jungle:top
10,Twisted Fate,9,1,3,mid
10,Shaco,9,6,2,jungle
10,Anivia,8,6,3,mid
10,Sivir,5,3,4,adc
10,Gangplank,5,4,3,top
10,Zilean,4,2,4,support
10,Alistar,8,4,3,support
10,Taric,3,4,4,support
10,Veigar,6,3,3,mid
10,Gragas,6,10,1,mid
11,Karthus,8,6,2,mid
11,Blitzcrank,4,4,4,support
11,Ryze,3,3,5,mid:top
11,Teemo,4,5,3,top:mid:support
11,Pantheon,5,11,1,top:mid
11,Nasus,2,5,3,top
11,Heimerdinger,4,3,4,mid
11,Ashe,4,3,5,adc
11,Singed,5,6,3,top
11,Soraka,3,4,3,support
12,Rammus,5,5,2,jungle
12,Sivir,5,2,5,adc
12,Malphite,3,5,3,top:jungle
12,Poppy,7,5,2,top
12,Annie,8,3,5,mid
12,Morgana,6,3,4,mid:support
12,Cho'Gath,7,4,3,jungle:top
12,Veigar,6,2,4,mid
12,Janna,9,3,3,support
12,Evelynn,8,7,2,mid:jungle
13,Nidalee,7,10,2,mid:support
13,Tryndamere,6,7,2,top
13,Kayle,5,4,4,support:mid
13,Ryze,3,2,6,mid:top
13,Teemo,4,2,4,top:mid:support
13,Zilean,4,3,5,support
13,Ashe,4,2,6,adc
13,Nunu,1,4,4,support:jungle
13,Taric,3,3,5,support
13,Master Yi,2,4,5,jungle:top
14,Twisted Fate,9,4,4,mid
14,Warwick,2,6,4,jungle
14,Sion,4,11,3,top
14,Fiddlesticks,5,6,2,jungle:support
14,Amumu,4,6,3,jungle
14,Heimerdinger,4,3,5,mid
14,Katarina,5,7,3,mid:top
14,Mordekaiser,3,14,1,mid
14,Tristana,3,5,5,adc:mid
14,Soraka,3,3,4,support
15,Jax,6,7,4,top
15,Corki,7,8,3,adc
15,Sivir,5,3,6,adc
15,Gangplank,5,5,4,top
15,Malphite,3,3,4,top:jungle
15,Kassadin,8,6,3,mid
15,Morgana,6,3,5,mid:support
15,Ashe,4,2,7,adc
15,Veigar,6,3,5,mid
15,Gragas,6,5,2,mid
16,Blitzcrank,4,5,5,support
16,Annie,8,4,6,mid
16,Teemo,4,3,5,top:mid:support
16,Pantheon,5,5,2,top:mid
16,Nasus,2,5,4,top
16,Zilean,4,3,6,support
16,Twitch,8,8,3,adc
16,Alistar,8,6,4,support
16,Taric,3,3,6,support
16,Janna,9,4,4,support
17,Anivia,8,7,4,mid
17,Kayle,5,4,5,support:mid
17,Dr. Mundo,4,8,4,jungle
17,Fiddlesticks,5,3,3,jungle:support
17,Udyr,5,10,4,jungle:top
17,Heimerdinger,4,3,6,mid
17,Ashe,4,2,8,adc
17,Singed,5,6,4,top
17,Tristana,3,3,6,adc:mid
17,Master Yi,2,4,6,jungle:top
18,Twisted Fate,9,4,5,mid
18,Shaco,9,8,3,jungle
18,Warwick,2,4,5,jungle
18,Karthus,8,7,3,mid
18,Ryze,3,5,7,mid:top
18,Morgana,6,3,6,mid:support
18,Cho'Gath,7,6,4,jungle:top
18,Nunu,1,5,5,support:jungle
18,Soraka,3,4,5,support
18,Ezreal,8,18,1,adc
19,Rammus,5,7,3,jungle
19,Sivir,5,4,7,adc
19,Gangplank,5,4,5,top
19,Shen,3,19,1,top
19,Heimerdinger,4,2,7,mid
19,Katarina,5,5,4,mid:top
19,Taric,3,3,7,support
19,Veigar,6,4,6,mid
19,Janna,9,3,5,support
19,Evelynn,8,7,3,mid:jungle
20,Nidalee,7,7,3,mid:support
20,Poppy,7,8,3,top
20,Annie,8,4,7,mid
20,Ryze,3,2,8,mid:top
20,Teemo,4,4,6,top:mid:support
20,Sion,4,6,4,top
20,Zilean,4,4,7,support
20,Amumu,4,6,4,jungle
20,Ashe,4,3,9,adc
20,Soraka,3,2,6,support
21,Jax,6,6,5,top
21,Twisted Fate,9,3,6,mid
21,Sivir,5,2,8,adc
21,Malphite,3,6,5,top:jungle
21,Blitzcrank,4,5,6,support
21,Kassadin,8,6,4,mid
21,Kennen,5,21,1,mid:top
21,Fiddlesticks,5,4,4,jungle:support
21,Singed,5,4,5,top
21,Taric,3,2,8,support
22,Corki,7,7,4,adc
22,Tryndamere,6,9,3,top
22,Nasus,2,6,5,top
22,Morgana,6,4,7,mid:support
22,Heimerdinger,4,3,8,mid
22,Ashe,4,2,10,adc
22,Alistar,8,6,5,support
22,Tristana,3,5,7,adc:mid
22,Veigar,6,3,7,mid
22,Gragas,6,7,3,mid
23,Anivia,8,6,5,mid
23,Sivir,5,2,9,adc
23,Kayle,5,6,6,support:mid
23,Annie,8,3,8,mid
23,Teemo,4,3,7,top:mid:support
23,Dr. Mundo,4,6,5,jungle
23,Cho'Gath,7,5,5,jungle:top
23,Soraka,3,3,7,support
23,Master Yi,2,6,7,jungle:top
23,Ezreal,8,5,2,adc
24,Warwick,2,6,6,jungle
24,Rammus,5,5,4,jungle
24,Karthus,8,6,4,mid
24,Ryze,3,4,9,mid:top
24,Zilean,4,4,8,support
24,Garen,2,24,1,top
24,Nunu,1,6,6,support:jungle
24,Katarina,5,5,5,mid:top
24,Tristana,3,2,8,adc:mid
24,Janna,9,5,6,support
25,Twisted Fate,9,4,7,mid
25,Shaco,9,7,4,jungle
25,Blitzcrank,4,4,7,support
25,Sion,4,5,5,top
25,Fiddlesticks,5,4,5,jungle:support
25,Heimerdinger,4,3,9,mid
25,Ashe,4,3,11,adc
25,Mordekaiser,3,11,2,mid
25,Taric,3,4,9,support
25,Veigar,6,3,8,mid
26,Sivir,5,3,10,adc
26,Gangplank,5,7,6,top
26,Kassadin,8,5,5,mid
26,Annie,8,3,9,mid
26,Akali,6,26,1,mid:top
26,Morgana,6,4,8,mid:support
26,Amumu,4,6,5,jungle
26,Singed,5,5,6,top
26,Tristana,3,2,9,adc:mid
26,Soraka,3,3,8,support
27,Corki,7,5,5,adc
27,Malphite,3,6,6,top:jungle
27,Ryze,3,3,10,mid:top
27,Shen,3,8,2,top
27,Teemo,4,4,8,top:mid:support
27,Zilean,4,3,9,support
27,Heimerdinger,4,2,10,mid
27,Ashe,4,2,12,adc
27,Alistar,8,5,6,support
27,Master Yi,2,4,8,jungle:top
28,Rammus,5,4,5,jungle
28,Sivir,5,2,11,adc
28,Kennen,5,7,2,mid:top
28,Nasus,2,6,6,top
28,Udyr,5,11,5,jungle:top
28,Morgana,6,2,9,mid:support
28,Cho'Gath,7,5,6,jungle:top
28,Taric,3,3,10,support
28,Tristana,3,2,10,adc:mid
28,Janna,9,4,7,support
29,Jax,6,8,6,top
29,Twisted Fate,9,4,8,mid
29,Blitzcrank,4,4,8,support
29,Kayle,5,6,7,support:mid
29,Annie,8,3,10,mid
29,Dr. Mundo,4,6,6,jungle
29,Zilean,4,2,10,support
29,Ashe,4,2,13,adc
29,Nunu,1,5,7,support:jungle
29,Malzahar,6,29,1,mid
30,Shaco,9,5,5,jungle
30,Tryndamere,6,8,4,top
30,Sivir,5,2,12,adc
30,Olaf,4,30,1,top:jungle
30,Sion,4,5,6,top
30,Fiddlesticks,5,5,6,jungle:support
30,Tristana,3,2,11,adc:mid
30,Soraka,3,4,9,support
30,Veigar,6,5,9,mid
30,Gragas,6,8,4,mid
31,Warwick,2,7,7,jungle
31,Anivia,8,8,6,mid
31,Gangplank,5,5,7,top
31,Ryze,3,4,11,mid:top
31,Morgana,6,3,10,mid:support
31,Cho'Gath,7,3,7,jungle:top
31,Amumu,4,5,6,jungle
31,Heimerdinger,4,4,11,mid
31,Ashe,4,2,14,adc
31,Twitch,8,15,4,adc
32,Malphite,3,5,7,top:jungle
32,Kayle,5,3,8,support:mid
32,Annie,8,3,11,mid
32,Teemo,4,5,9,top:mid:support
32,Zilean,4,3,11,support
32,Singed,5,6,7,top
32,Kog'Maw,8,32,1,adc
32,Alistar,8,5,7,support
32,Katarina,5,8,6,mid:top
32,Janna,9,4,8,support
33,Sivir,5,3,13,adc
33,Poppy,7,13,4,top
33,Kennen,5,5,3,mid:top
33,Ryze,3,2,12,mid:top
33,Shen,3,6,3,top
33,Morgana,6,2,11,mid:support
33,Nunu,1,4,8,support:jungle
33,Taric,3,5,11,support
33,Master Yi,2,6,9,jungle:top
33,Ezreal,8,10,3,adc
34,Nidalee,7,14,4,mid:support
34,Rammus,5,6,6,jungle
34,Corki,7,7,6,adc
34,Karthus,8,10,5,mid
34,Blitzcrank,4,5,9,support
34,Kassadin,8,8,6,mid
34,Fiddlesticks,5,4,7,jungle:support
34,Zilean,4,2,12,support
34,Tristana,3,4,12,adc:mid
34,Soraka,3,4,10,support
35,Twisted Fate,9,6,9,mid
35,Annie,8,3,12,mid
35,Nasus,2,7,7,top
35,Zilean,4,1,13,support
35,Cho'Gath,7,4,8,jungle:top
35,Ashe,4,4,15,adc
35,Alistar,8,3,8,support
35,Mordekaiser,3,10,3,mid
35,Xin Zhao,6,35,1,jungle:top
35,Veigar,6,5,10,mid
36,Warwick,2,5,8,jungle
36,Sivir,5,3,14,adc
36,Kayle,5,4,9,support:mid
36,Ryze,3,3,13,mid:top
36,Pantheon,5,20,3,top:mid
36,Sion,4,6,7,top
36,Amumu,4,5,7,jungle
36,Garen,2,12,2,top
36,Janna,9,4,9,support
36,Ezreal,8,3,4,adc
37,Gangplank,5,6,8,top
37,Vladimir,2,37,1,mid:top
37,Shen,3,4,4,top
37,Teemo,4,5,10,top:mid:support
37,Dr. Mundo,4,8,7,jungle
37,Fiddlesticks,5,3,8,jungle:support
37,Morgana,6,4,12,mid:support
37,Ashe,4,2,16,adc
37,Taric,3,4,12,support
37,Gragas,6,7,5,mid
38,Jax,6,9,7,top
38,Corki,7,4,7,adc
38,Blitzcrank,4,4,10,support
38,Kayle,5,2,10,support:mid
38,Annie,8,3,13,mid
38,Akali,6,12,2,mid:top
38,Heimerdinger,4,7,12,mid
38,Nunu,1,5,9,support:jungle
38,Tristana,3,4,13,adc:mid
38,Veigar,6,3,11,mid
39,Twisted Fate,9,4,10,mid
39,Anivia,8,8,7,mid
39,Fiddlesticks,5,2,9,jungle:support
39,Udyr,5,11,6,jungle:top
39,Zilean,4,4,14,support
39,Cho'Gath,7,4,9,jungle:top
39,Galio,4,39,1,mid
39,Ashe,4,2,17,adc
39,Katarina,5,7,7,mid:top
39,Soraka,3,5,11,support
40,Sivir,5,4,15,adc
40,Malphite,3,8,8,top:jungle
40,Ryze,3,4,14,mid:top
40,Shen,3,3,5,top
40,Teemo,4,3,11,top:mid:support
40,Morgana,6,3,13,mid:support
40,Singed,5,8,8,top
40,Taric,3,3,13,support
40,Malzahar,6,11,2,mid
40,Master Yi,2,7,10,jungle:top
41,Tryndamere,6,11,5,top
41,Poppy,7,8,5,top
41,Kayle,5,3,11,support:mid
41,Annie,8,3,14,mid
41,Kennen,5,8,4,mid:top
41,Zilean,4,2,15,support
41,Urgot,8,41,1,adc
41,Amumu,4,5,8,jungle
41,Ashe,4,2,18,adc
41,Tristana,3,3,14,adc:mid
42,Corki,7,4,8,adc
42,Sivir,5,2,16,adc
42,Gangplank,5,5,9,top
42,Olaf,4,12,2,top:jungle
42,Fiddlesticks,5,3,10,jungle:support
42,Morgana,6,2,14,mid:support
42,Heimerdinger,4,4,13,mid
42,Alistar,8,7,9,support
42,Janna,9,6,10,support
42,Gragas,6,5,6,mid
43,Nidalee,7,9,5,mid:support
43,Miss Fortune,3,43,1,adc
43,Blitzcrank,4,5,11,support
43,Kassadin,8,9,7,mid
43,Vladimir,2,6,2,mid:top
43,Sion,4,7,8,top
43,Zilean,4,2,16,support
43,Ashe,4,2,19,adc
43,Soraka,3,4,12,support
43,Veigar,6,5,12,mid
44,Warwick,2,8,9,jungle
44,Rammus,5,10,7,jungle
44,Sivir,5,2,17,adc
44,Annie,8,3,15,mid
44,Shen,3,4,6,top
44,Fiddlesticks,5,2,11,jungle:support
44,Heimerdinger,4,2,14,mid
44,Kog'Maw,8,12,2,adc
44,Xin Zhao,6,9,2,jungle:top
44,Taric,3,4,14,support
45,Karthus,8,11,6,mid
45,Sona,1,45,1,support
45,Ryze,3,5,15,mid:top
45,Nasus,2,10,8,top
45,Morgana,6,3,15,mid:support
45,Cho'Gath,7,6,10,jungle:top
45,Ashe,4,2,20,adc
45,Alistar,8,3,10,support
45,Evelynn,8,26,4,mid:jungle
45,Ezreal,8,9,5,adc
46,Corki,7,4,9,adc
46,Anivia,8,7,8,mid
46,Kayle,5,5,12,support:mid
46,Pantheon,5,10,4,top:mid
46,Zilean,4,3,17,support
46,Singed,5,6,9,top
46,Nunu,1,8,10,support:jungle
46,Katarina,5,7,8,mid:top
46,Tristana,3,5,15,adc:mid
46,Veigar,6,3,13,mid
47,Jax,6,9,8,top
47,Sivir,5,3,18,adc
47,Blitzcrank,4,4,12,support
47,Annie,8,3,16,mid
47,Shen,3,3,7,top
47,Teemo,4,7,12,top:mid:support
47,Swain,5,47,1,mid
47,Heimerdinger,4,3,15,mid
47,Garen,2,11,3,top
47,Soraka,3,4,13,support
48,Twisted Fate,9,9,11,mid
48,Warwick,2,4,10,jungle
48,Udyr,5,9,7,jungle:top
48,Zilean,4,2,18,support
48,Cho'Gath,7,3,11,jungle:top
48,Galio,4,9,2,mid
48,Ashe,4,3,21,adc
48,Taric,3,4,15,support
48,Veigar,6,2,14,mid
48,Janna,9,6,11,support
49,Sivir,5,2,19,adc
49,Gangplank,5,7,10,top
49,Lux,6,49,1,mid
49,Kayle,5,3,13,support:mid
49,Dr. Mundo,4,12,8,jungle
49,Fiddlesticks,5,5,12,jungle:support
49,Morgana,6,4,16,mid:support
49,Amumu,4,8,9,jungle
49,Tristana,3,3,16,adc:mid
49,Gragas,6,7,7,mid
50,Rammus,5,6,8,jungle
50,Poppy,7,9,6,top
50,Annie,8,3,17,mid
50,Akali,6,12,3,mid:top
50,Ryze,3,5,16,mid:top
50,Shen,3,3,8,top
50,Heimerdinger,4,3,16,mid
50,Ashe,4,2,22,adc
50,Kog'Maw,8,6,3,adc
50,Taric,3,2,16,support
51,Nidalee,7,8,6,mid:support
51,Sivir,5,2,20,adc
51,LeBlanc,9,51,1,mid
51,Teemo,4,4,13,top:mid:support
51,Sion,4,8,9,top
51,Fiddlesticks,5,2,13,jungle:support
51,Morgana,6,2,17,mid:support
51,Zilean,4,3,19,support
51,Garen,2,4,4,top
51,Nunu,1,5,11,support:jungle
52,Corki,7,6,10,adc
52,Tryndamere,6,11,6,top
52,Blitzcrank,4,5,13,support
52,Vladimir,2,9,3,mid:top
52,Annie,8,2,18,mid
52,Shen,3,2,9,top
52,Heimerdinger,4,2,17,mid
52,Mordekaiser,3,17,4,mid
52,Tristana,3,3,17,adc:mid
52,Soraka,3,5,14,support
53,Shaco,9,23,6,jungle
53,Sivir,5,2,21,adc
53,Sona,1,8,2,support
53,Ryze,3,3,17,mid:top
53,Zilean,4,2,20,support
53,Cho'Gath,7,5,12,jungle:top
53,Ashe,4,3,23,adc
53,Irelia,5,53,1,top
53,Veigar,6,5,15,mid
53,Gragas,6,4,8,mid
54,Malphite,3,14,9,top:jungle
54,Karthus,8,9,7,mid
54,Kennen,5,13,5,mid:top
54,Morgana,6,3,18,mid:support
54,Urgot,8,13,2,adc
54,Singed,5,8,10,top
54,Taric,3,4,17,support
54,Tristana,3,2,18,adc:mid
54,Master Yi,2,14,11,jungle:top
54,Ezreal,8,9,6,adc
55,Trundle,5,55,1,jungle:top
55,Kassadin,8,12,8,mid
55,Shen,3,3,10,top
55,Teemo,4,4,14,top:mid:support
55,Heimerdinger,4,3,18,mid
55,Ashe,4,2,24,adc
55,Nunu,1,4,12,support:jungle
55,Malzahar,6,15,3,mid
55,Soraka,3,3,15,support
55,Janna,9,7,12,support
56,Jax,6,9,9,top
56,Anivia,8,10,9,mid
56,Sivir,5,3,22,adc
56,Gangplank,5,7,11,top
56,Miss Fortune,3,13,2,adc
56,Blitzcrank,4,4,14,support
56,Kayle,5,7,14,support:mid
56,Annie,8,4,19,mid
56,Sion,4,5,10,top
56,Morgana,6,2,19,mid:support
57,Cassiopeia,10,57,1,mid
57,Olaf,4,15,3,top:jungle
57,Kennen,5,3,6,mid:top
57,Zilean,4,4,21,support
57,Galio,4,9,3,mid
57,Heimerdinger,4,2,19,mid
57,Ashe,4,2,25,adc
57,Alistar,8,12,11,support
57,Tristana,3,3,19,adc:mid
57,Veigar,6,4,16,mid
58,Sivir,5,2,23,adc
58,Ryze,3,5,18,mid:top
58,Shen,3,3,11,top
58,Fiddlesticks,5,7,14,jungle:support
58,Morgana,6,2,20,mid:support
58,Kog'Maw,8,8,4,adc
58,Katarina,5,12,9,mid:top
58,Xin Zhao,6,14,3,jungle:top
58,Taric,3,4,18,support
58,Gragas,6,5,9,mid
59,Twisted Fate,9,11,12,mid
59,Nidalee,7,8,7,mid:support
59,Poppy,7,9,7,top
59,Annie,8,3,20,mid
59,Swain,5,12,2,mid
59,Cho'Gath,7,6,13,jungle:top
59,Urgot,8,5,3,adc
59,Heimerdinger,4,2,20,mid
59,Ashe,4,2,26,adc
59,Garen,2,8,5,top
60,Warwick,2,12,11,jungle
60,Blitzcrank,4,4,15,support
60,Vladimir,2,8,4,mid:top
60,Kayle,5,4,15,support:mid
60,Dr. Mundo,4,11,9,jungle
60,Morgana,6,2,21,mid:support
60,Caitlyn,6,60,1,adc
60,Amumu,4,11,10,jungle
60,Tristana,3,3,20,adc:mid
60,Veigar,6,3,17,mid
61,Rammus,5,11,9,jungle
61,Miss Fortune,3,5,3,adc
61,Akali,6,11,4,mid:top
61,Ryze,3,3,19,mid:top
61,Pantheon,5,15,5,top:mid
61,Fiddlesticks,5,3,15,jungle:support
61,Heimerdinger,4,2,21,mid
61,Ashe,4,2,27,adc
61,Nunu,1,6,13,support:jungle
61,Soraka,3,6,16,support
62,Sivir,5,4,24,adc
62,Lux,6,13,2,mid
62,Renekton,3,62,1,top
62,Sona,1,9,3,support
62,Shen,3,4,12,top
62,Zilean,4,5,22,support
62,Singed,5,8,11,top
62,Tristana,3,2,21,adc:mid
62,Veigar,6,2,18,mid
62,Master Yi,2,8,12,jungle:top
63,Corki,7,11,11,adc
63,Gangplank,5,7,12,top
63,Annie,8,4,21,mid
63,LeBlanc,9,12,2,mid
63,Sion,4,7,11,top
63,Udyr,5,15,8,jungle:top
63,Morgana,6,3,22,mid:support
63,Galio,4,6,4,mid
63,Ashe,4,2,28,adc
63,Taric,3,5,19,support
64,Tryndamere,6,12,7,top
64,Sivir,5,2,25,adc
64,Blitzcrank,4,4,16,support
64,Kayle,5,4,16,support:mid
64,Karma,8,64,1,support
64,Fiddlesticks,5,3,16,jungle:support
64,Heimerdinger,4,3,22,mid
64,Nunu,1,3,14,support:jungle
64,Malzahar,6,9,4,mid
64,Ezreal,8,10,7,adc
65,Kassadin,8,10,9,mid
65,Ryze,3,4,20,mid:top
65,Teemo,4,10,15,top:mid:support
65,Cho'Gath,7,6,14,jungle:top
65,Mordekaiser,3,13,5,mid
65,Tristana,3,3,22,adc:mid
65,Irelia,5,12,2,top
65,Soraka,3,4,17,support
65,Veigar,6,3,19,mid
65,Gragas,6,7,10,mid
66,Sivir,5,2,26,adc
66,Malphite,3,12,10,top:jungle
66,Trundle,5,11,2,jungle:top
66,Maokai,4,66,1,jungle
66,Annie,8,3,22,mid
66,Shen,3,4,13,top
66,Ashe,4,3,29,adc
66,Xin Zhao,6,8,4,jungle:top
66,Taric,3,3,20,support
66,Janna,9,11,13,support
67,Jax,6,11,10,top
67,Gangplank,5,4,13,top
67,Miss Fortune,3,6,4,adc
67,Kennen,5,10,7,mid:top
67,Swain,5,8,3,mid
67,Morgana,6,4,23,mid:support
67,Singed,5,5,12,top
67,Garen,2,8,6,top
67,Alistar,8,10,12,support
67,Tristana,3,2,23,adc:mid
68,Kassadin,8,3,10,mid
68,Kayle,5,4,17,support:mid
68,Teemo,4,3,16,top:mid:support
68,Nasus,2,23,9,top
68,Fiddlesticks,5,4,17,jungle:support
68,Cho'Gath,7,3,15,jungle:top
68,Urgot,8,9,4,adc
68,Amumu,4,8,11,jungle
68,Katarina,5,10,10,mid:top
68,Jarvan IV,5,68,1,jungle
69,Lux,6,7,3,mid
69,Ryze,3,4,21,mid:top
69,Shen,3,3,14,top
69,Caitlyn,6,9,2,adc
69,Galio,4,6,5,mid
69,Kog'Maw,8,11,5,adc
69,Nunu,1,5,15,support:jungle
69,Mordekaiser,3,4,6,mid
69,Taric,3,3,21,support
69,Master Yi,2,7,13,jungle:top
70,Rammus,5,9,10,jungle
70,Poppy,7,11,8,top
70,Blitzcrank,4,6,17,support
70,Nocturne,6,70,1,jungle
70,Karma,8,6,2,support
70,Heimerdinger,4,6,23,mid
70,Ashe,4,4,30,adc
70,Singed,5,3,13,top
70,Twitch,8,39,5,adc
70,Veigar,6,5,20,mid
71,Warwick,2,11,12,jungle
71,Nidalee,7,12,8,mid:support
71,Corki,7,8,12,adc
71,Cassiopeia,10,14,2,mid
71,Olaf,4,14,4,top:jungle
71,Annie,8,5,23,mid
71,Shen,3,2,15,top
71,Zilean,4,9,23,support
71,Cho'Gath,7,3,16,jungle:top
71,Tristana,3,4,24,adc:mid
72,Anivia,8,16,10,mid
72,Sivir,5,6,27,adc
72,Malphite,3,6,11,top:jungle
72,Miss Fortune,3,5,5,adc
72,Maokai,4,6,2,jungle
72,Lee Sin,9,72,1,jungle:top
72,Nasus,2,4,10,top
72,Fiddlesticks,5,4,18,jungle:support
72,Alistar,8,5,13,support
72,Janna,9,6,14,support
73,Rammus,5,3,11,jungle
73,LeBlanc,9,10,3,mid
73,Morgana,6,6,24,mid:support
73,Caitlyn,6,4,3,adc
73,Amumu,4,5,12,jungle
73,Heimerdinger,4,3,24,mid
73,Ashe,4,3,31,adc
73,Garen,2,6,7,top
73,Mordekaiser,3,4,7,mid
73,Master Yi,2,4,14,jungle:top
74,Brand,6,74,1,mid
74,Sivir,5,2,28,adc
74,Karthus,8,20,8,mid
74,Sion,4,11,12,top
74,Cho'Gath,7,3,17,jungle:top
74,Singed,5,4,14,top
74,Kog'Maw,8,5,6,adc
74,Nunu,1,5,16,support:jungle
74,Taric,3,5,22,support
74,Irelia,5,9,3,top
75,Gangplank,5,8,14,top
75,Malphite,3,3,12,top:jungle
75,Miss Fortune,3,3,6,adc
75,Renekton,3,13,2,top
75,Kassadin,8,7,11,mid
75,Sona,1,13,4,support
75,Ryze,3,6,22,mid:top
75,Galio,4,6,6,mid
75,Katarina,5,7,11,mid:top
75,Ezreal,8,11,8,adc
76,Jax,6,9,11,top
76,Maokai,4,4,3,jungle
76,Shen,3,5,16,top
76,Caitlyn,6,3,4,adc
76,Rumble,8,76,1,top
76,Ashe,4,3,32,adc
76,Garen,2,3,8,top
76,Mordekaiser,3,3,8,mid
76,Malzahar,6,12,5,mid
76,Soraka,3,11,18,support
77,Warwick,2,6,13,jungle
77,Rammus,5,4,12,jungle
77,Sivir,5,3,29,adc
77,Miss Fortune,3,2,7,adc
77,Heimerdinger,4,4,25,mid
77,Alistar,8,5,14,support
77,Jarvan IV,5,9,2,jungle
77,Xin Zhao,6,11,5,jungle:top
77,Veigar,6,7,21,mid
77,Janna,9,5,15,support
78,Annie,8,7,24,mid
78,Kennen,5,11,8,mid:top
78,Dr. Mundo,4,18,10,jungle
78,Vayne,7,78,1,adc
78,Nasus,2,6,11,top
78,Zilean,4,7,24,support
78,Cho'Gath,7,4,18,jungle:top
78,Amumu,4,5,13,jungle
78,Ashe,4,2,33,adc
78,Master Yi,2,5,15,jungle:top
79,Malphite,3,4,13,top:jungle
79,Blitzcrank,4,9,18,support
79,Lee Sin,9,7,2,jungle:top
79,Ryze,3,4,23,mid:top
79,Teemo,4,11,17,top:mid:support
79,Swain,5,12,4,mid
79,Morgana,6,6,25,mid:support
79,Singed,5,5,15,top
79,Kog'Maw,8,5,7,adc
79,Nunu,1,5,17,support:jungle
80,Corki,7,9,13,adc
80,Gangplank,5,5,15,top
80,Nocturne,6,10,2,jungle
80,Caitlyn,6,4,5,adc
80,Galio,4,5,7,mid
80,Heimerdinger,4,3,26,mid
80,Garen,2,4,9,top
80,Alistar,8,3,15,support
80,Veigar,6,3,22,mid
80,Janna,9,3,16,support
81,Brand,6,7,2,mid
81,Sivir,5,4,30,adc
81,Orianna,10,81,1,mid
81,Miss Fortune,3,4,8,adc
81,Maokai,4,5,4,jungle
81,Sion,4,7,13,top
81,Cho'Gath,7,3,19,jungle:top
81,Mordekaiser,3,5,9,mid
81,Irelia,5,7,4,top
81,Soraka,3,5,19,support
82,Warwick,2,5,14,jungle
82,Rammus,5,5,13,jungle
82,Malphite,3,3,14,top:jungle
82,Annie,8,4,25,mid
82,LeBlanc,9,9,4,mid
82,Zilean,4,4,25,support
82,Urgot,8,14,5,adc
82,Katarina,5,7,12,mid:top
82,Tristana,3,11,25,adc:mid
82,Veigar,6,2,23,mid
83,Kassadin,8,8,12,mid
83,Vladimir,2,23,5,mid:top
83,Kayle,5,15,18,support:mid
83,Akali,6,22,5,mid:top
83,Shen,3,7,17,top
83,Nasus,2,5,12,top
83,Udyr,5,20,9,jungle:top
83,Ashe,4,5,34,adc
83,Singed,5,4,16,top
83,Ezreal,8,8,9,adc
84,Yorick,3,84,1,top:jungle
84,Blitzcrank,4,5,19,support
84,Ryze,3,5,24,mid:top
84,Pantheon,5,23,6,top:mid
84,Caitlyn,6,4,6,adc
84,Zilean,4,2,26,support
84,Galio,4,4,8,mid
84,Heimerdinger,4,4,27,mid
84,Kog'Maw,8,5,8,adc
84,Alistar,8,4,16,support
85,Rammus,5,3,14,jungle
85,Sivir,5,4,31,adc
85,Renekton,3,10,3,top
85,Cassiopeia,10,14,3,mid
85,Annie,8,3,26,mid
85,Vayne,7,7,2,adc
85,Fiddlesticks,5,13,19,jungle:support
85,Cho'Gath,7,4,20,jungle:top
85,Garen,2,5,10,top
85,Soraka,3,4,20,support
86,Twisted Fate,9,27,13,mid
86,Anivia,8,14,11,mid
86,Malphite,3,4,15,top:jungle
86,Poppy,7,16,9,top
86,Maokai,4,5,5,jungle
86,Morgana,6,7,26,mid:support
86,Rumble,8,10,2,top
86,Ashe,4,3,35,adc
86,Mordekaiser,3,5,10,mid
86,Master Yi,2,8,16,jungle:top
87,Shen,3,4,18,top
87,Teemo,4,8,18,top:mid:support
87,Sion,4,6,14,top
87,Leona,4,87,1,support
87,Zilean,4,3,27,support
87,Urgot,8,5,6,adc
87,Nunu,1,8,18,support:jungle
87,Katarina,5,5,13,mid:top
87,Malzahar,6,11,6,mid
87,Veigar,6,5,24,mid
88,Jax,6,12,12,top
88,Corki,7,8,14,adc
88,Miss Fortune,3,7,9,adc
88,Trundle,5,22,3,jungle:top
88,Ryze,3,4,25,mid:top
88,Nasus,2,5,13,top
88,Amumu,4,10,14,jungle
88,Heimerdinger,4,4,28,mid
88,Singed,5,5,17,top
88,Taric,3,14,23,support
89,Brand,6,8,3,mid
89,Sivir,5,4,32,adc
89,Gangplank,5,9,16,top
89,Malphite,3,3,16,top:jungle
89,Kassadin,8,6,13,mid
89,Dr. Mundo,4,11,11,jungle
89,Wukong,3,89,1,top:jungle
89,Galio,4,5,9,mid
89,Ashe,4,3,36,adc
89,Janna,9,9,17,support
90,Warwick,2,8,15,jungle
90,Rammus,5,5,15,jungle
90,Blitzcrank,4,6,20,support
90,Lux,6,21,4,mid
90,Maokai,4,4,6,jungle
90,Annie,8,5,27,mid
90,Morgana,6,4,27,mid:support
90,Caitlyn,6,6,7,adc
90,Kog'Maw,8,6,9,adc
90,Master Yi,2,4,17,jungle:top
91,Nidalee,7,20,9,mid:support
91,Ryze,3,3,26,mid:top
91,Shen,3,4,19,top
91,Teemo,4,4,19,top:mid:support
91,Zilean,4,4,28,support
91,Skarner,5,91,1,jungle
91,Cho'Gath,7,6,21,jungle:top
91,Urgot,8,4,7,adc
91,Veigar,6,4,25,mid
91,Gragas,6,26,11,mid
92,Miss Fortune,3,4,10,adc
92,Karthus,8,18,9,mid
92,Kassadin,8,3,14,mid
92,Lee Sin,9,13,3,jungle:top
92,Sion,4,5,15,top
92,Leona,4,5,2,support
92,Ashe,4,3,37,adc
92,Garen,2,7,11,top
92,Alistar,8,8,17,support
92,Janna,9,3,18,support
93,Shaco,9,40,7,jungle
93,Corki,7,5,15,adc
93,Malphite,3,4,17,top:jungle
93,Poppy,7,7,10,top
93,Ryze,3,2,27,mid:top
93,Fiddlesticks,5,8,20,jungle:support
93,Galio,4,4,10,mid
93,Katarina,5,6,14,mid:top
93,Soraka,3,8,21,support
93,Ezreal,8,10,10,adc
94,Sivir,5,5,33,adc
94,Gangplank,5,5,17,top
94,Nocturne,6,14,3,jungle
94,Karma,8,24,3,support
94,Annie,8,4,28,mid
94,Caitlyn,6,4,8,adc
94,Amumu,4,6,15,jungle
94,Singed,5,6,18,top
94,Nunu,1,7,19,support:jungle
94,Talon,6,94,1,mid
95,Twisted Fate,9,9,14,mid
95,Rammus,5,5,16,jungle
95,Orianna,10,14,2,mid
95,Blitzcrank,4,5,21,support
95,Cho'Gath,7,4,22,jungle:top
95,Heimerdinger,4,7,29,mid
95,Ashe,4,3,38,adc
95,Mordekaiser,3,9,11,mid
95,Xin Zhao,6,18,6,jungle:top
95,Taric,3,7,24,support
96,Miss Fortune,3,4,11,adc
96,Cassiopeia,10,11,4,mid
96,Maokai,4,6,7,jungle
96,Zilean,4,5,29,support
96,Rumble,8,10,3,top
96,Urgot,8,5,8,adc
96,Wukong,3,7,2,top:jungle
96,Alistar,8,4,18,support
96,Veigar,6,5,26,mid
96,Master Yi,2,6,18,jungle:top
97,Nidalee,7,6,10,mid:support
97,Riven,4,97,1,top
97,Malphite,3,4,18,top:jungle
97,Kassadin,8,5,15,mid
97,Shen,3,6,20,top
97,Vayne,7,12,3,adc
97,Fiddlesticks,5,4,21,jungle:support
97,Morgana,6,7,28,mid:support
97,Kog'Maw,8,7,10,adc
97,Garen,2,5,12,top
98,Anivia,8,12,12,mid
98,Yorick,3,14,2,top:jungle
98,Sivir,5,4,34,adc
98,Sona,1,23,5,support
98,Ryze,3,5,28,mid:top
98,Leona,4,6,3,support
98,Skarner,5,7,2,jungle
98,Singed,5,4,19,top
98,Katarina,5,5,15,mid:top
98,Ezreal,8,5,11,adc
99,Corki,7,6,16,adc
99,Xerath,6,99,1,mid
99,Annie,8,5,29,mid
99,Nasus,2,11,14,top
99,Cho'Gath,7,4,23,jungle:top
99,Amumu,4,5,16,jungle
99,Ashe,4,4,39,adc
99,Jarvan IV,5,22,3,jungle
99,Soraka,3,6,22,support
99,Master Yi,2,3,19,jungle:top
100,Twisted Fate,9,5,15,mid
100,Rammus,5,5,17,jungle
100,Kassadin,8,3,16,mid
100,Zilean,4,4,30,support
100,Urgot,8,4,9,adc
100,Heimerdinger,4,5,30,mid
100,Nunu,1,6,20,support:jungle
100,Alistar,8,4,19,support
100,Mordekaiser,3,5,12,mid
100,Irelia,5,19,5,top
101,Jax,6,13,13,top
101,Tryndamere,6,37,8,top
101,Gangplank,5,7,18,top
101,Miss Fortune,3,5,12,adc
101,Graves,4,101,1,adc
101,Sona,1,3,6,support
101,Vladimir,2,18,6,mid:top
101,Galio,4,8,11,mid
101,Singed,5,3,20,top
101,Malzahar,6,14,7,mid
102,Warwick,2,12,16,jungle
102,Kayle,5,19,19,support:mid
102,Olaf,4,31,5,top:jungle
102,Shen,3,5,21,top
102,Teemo,4,11,20,top:mid:support
102,Nasus,2,3,15,top
102,Fiddlesticks,5,5,22,jungle:support
102,Caitlyn,6,8,9,adc
102,Amumu,4,3,17,jungle
102,Veigar,6,6,27,mid
103,Brand,6,14,4,mid
103,Sivir,5,5,35,adc
103,Gangplank,5,2,19,top
103,Malphite,3,6,19,top:jungle
103,Blitzcrank,4,8,22,support
103,Shyvana,4,103,1,jungle:top
103,Maokai,4,7,8,jungle
103,Ryze,3,5,29,mid:top
103,Kog'Maw,8,6,11,adc
103,Taric,3,8,25,support
104,Rammus,5,4,18,jungle
104,Orianna,10,9,3,mid
104,Renekton,3,19,4,top
104,Annie,8,5,30,mid
104,Vayne,7,7,4,adc
104,Skarner,5,6,3,jungle
104,Cho'Gath,7,5,24,jungle:top
104,Ashe,4,5,40,adc
104,Katarina,5,6,16,mid:top
104,Soraka,3,5,23,support
105,Miss Fortune,3,4,13,adc
105,Fizz,8,105,1,mid
105,Kassadin,8,5,17,mid
105,Morgana,6,8,29,mid:support
105,Leona,4,7,4,support
105,Urgot,8,5,10,adc
105,Heimerdinger,4,5,31,mid
105,Singed,5,4,21,top
105,Talon,6,11,2,mid
105,Master Yi,2,6,20,jungle:top
106,Corki,7,7,17,adc
106,Riven,4,9,2,top
106,LeBlanc,9,24,5,mid
106,Shen,3,4,22,top
106,Swain,5,27,5,mid
106,Sion,4,14,16,top
106,Caitlyn,6,4,10,adc
106,Zilean,4,6,31,support
106,Alistar,8,6,20,support
106,Mordekaiser,3,6,13,mid
107,Anivia,8,9,13,mid
107,Sivir,5,4,36,adc
107,Malphite,3,4,20,top:jungle
107,Poppy,7,14,11,top
107,Sona,1,6,7,support
107,Wukong,3,11,3,top:jungle
107,Amumu,4,5,18,jungle
107,Volibear,2,107,1,jungle:top
107,Ashe,4,3,41,adc
107,Veigar,6,5,28,mid
108,Warwick,2,6,17,jungle
108,Rammus,5,4,19,jungle
108,Karma,8,14,4,support
108,Ryze,3,5,30,mid:top
108,Teemo,4,6,21,top:mid:support
108,Fiddlesticks,5,6,23,jungle:support
108,Galio,4,7,12,mid
108,Nunu,1,8,21,support:jungle
108,Katarina,5,4,17,mid:top
108,Ezreal,8,10,12,adc
109,Miss Fortune,3,4,14,adc
109,Blitzcrank,4,6,23,support
109,Annie,8,5,31,mid
109,Shen,3,3,23,top
109,Skarner,5,5,4,jungle
109,Cho'Gath,7,5,25,jungle:top
109,Twitch,8,39,6,adc
109,Irelia,5,9,6,top
109,Janna,9,17,19,support
109,Ahri,8,109,1,mid
110,Brand,6,7,5,mid
110,Xerath,6,11,2,mid
110,Graves,4,9,2,adc
110,Nocturne,6,16,4,jungle
110,Maokai,4,7,9,jungle
110,Caitlyn,6,4,11,adc
110,Zilean,4,4,32,support
110,Garen,2,13,13,top
110,Alistar,8,4,21,support
110,Master Yi,2,5,21,jungle:top
111,Sivir,5,4,37,adc
111,Gangplank,5,8,20,top
111,Viktor,9,111,1,mid
111,Pantheon,5,27,7,top:mid
111,Nasus,2,9,16,top
111,Amumu,4,4,19,jungle
111,Heimerdinger,4,6,32,mid
111,Singed,5,6,22,top
111,Kog'Maw,8,8,12,adc
111,Taric,3,8,26,support
112,Warwick,2,4,18,jungle
112,Rammus,5,4,20,jungle
112,Malphite,3,5,21,top:jungle
112,Shyvana,4,9,2,jungle:top
112,Renekton,3,8,5,top
112,Kassadin,8,7,18,mid
112,Vayne,7,8,5,adc
112,Morgana,6,7,30,mid:support
112,Ashe,4,5,42,adc
112,Veigar,6,5,29,mid
113,Corki,7,7,18,adc
113,Miss Fortune,3,4,15,adc
113,Vladimir,2,12,7,mid:top
113,Sion,4,7,17,top
113,Fiddlesticks,5,5,24,jungle:support
113,Leona,4,8,5,support
113,Cho'Gath,7,4,26,jungle:top
113,Katarina,5,5,18,mid:top
113,Mordekaiser,3,7,14,mid
113,Soraka,3,9,24,support
114,Jax,6,13,14,top
114,Sejuani,4,114,1,jungle
114,Cassiopeia,10,18,5,mid
114,Ryze,3,6,31,mid:top
114,Shen,3,5,24,top
114,Caitlyn,6,4,12,adc
114,Zilean,4,4,33,support
114,Urgot,8,9,11,adc
114,Galio,4,6,13,mid
114,Nunu,1,6,22,support:jungle
115,Blitzcrank,4,6,24,support
115,Graves,4,5,3,adc
115,Sona,1,8,8,support
115,Maokai,4,5,10,jungle
115,Annie,8,6,32,mid
115,Teemo,4,7,22,top:mid:support
115,Swain,5,9,6,mid
115,Nasus,2,4,17,top
115,Wukong,3,8,4,top:jungle
115,Amumu,4,4,20,jungle
116,Sivir,5,5,38,adc
116,Gangplank,5,5,21,top
116,Malphite,3,4,22,top:jungle
116,Lee Sin,9,24,4,jungle:top
116,Ziggs,6,116,1,mid
116,Heimerdinger,4,5,33,mid
116,Volibear,2,9,2,jungle:top
116,Ashe,4,4,43,adc
116,Alistar,8,6,22,support
116,Janna,9,7,20,support
117,Rammus,5,5,21,jungle
117,Miss Fortune,3,4,16,adc
117,Fizz,8,12,2,mid
117,Kassadin,8,5,19,mid
117,Caitlyn,6,3,13,adc
117,Singed,5,6,23,top
117,Talon,6,12,3,mid
117,Taric,3,6,27,support
117,Malzahar,6,16,8,mid
117,Master Yi,2,7,22,jungle:top
118,Corki,7,5,19,adc
118,Riven,4,12,3,top
118,Fiddlesticks,5,5,25,jungle:support
118,Morgana,6,6,31,mid:support
118,Cho'Gath,7,5,27,jungle:top
118,Ashe,4,2,44,adc
118,Garen,2,8,14,top
118,Jarvan IV,5,19,4,jungle
118,Veigar,6,6,30,mid
118,Nautilus,6,118,1,jungle
119,Warwick,2,7,19,jungle
119,Graves,4,4,4,adc
119,LeBlanc,9,13,6,mid
119,Shen,3,5,25,top
119,Skarner,5,10,5,jungle
119,Galio,4,5,14,mid
119,Kog'Maw,8,8,13,adc
119,Katarina,5,6,19,mid:top
119,Soraka,3,6,25,support
119,Ahri,8,10,2,mid
120,Xerath,6,10,3,mid
120,Sivir,5,4,39,adc
120,Fiora,5,120,1,top
120,Maokai,4,5,11,jungle
120,Annie,8,5,33,mid
120,Sion,4,7,18,top
120,Zilean,4,6,34,support
120,Alistar,8,4,23,support
120,Mordekaiser,3,7,15,mid
120,Ezreal,8,12,13,adc
121,Orianna,10,17,4,mid
121,Malphite,3,5,23,top:jungle
121,Miss Fortune,3,4,17,adc
121,Blitzcrank,4,6,25,support
121,Sejuani,4,7,2,jungle
121,Nocturne,6,11,5,jungle
121,Sona,1,6,9,support
121,Ryze,3,7,32,mid:top
121,Vayne,7,9,6,adc
121,Amumu,4,6,21,jungle
122,Rammus,5,5,22,jungle
122,Gangplank,5,6,22,top
122,Kassadin,8,5,20,mid
122,Swain,5,7,7,mid
122,Nasus,2,7,18,top
122,Caitlyn,6,5,14,adc
122,Cho'Gath,7,4,28,jungle:top
122,Urgot,8,8,12,adc
122,Taric,3,5,28,support
122,Master Yi,2,5,23,jungle:top
123,Tryndamere,6,22,9,top
123,Karthus,8,31,10,mid
123,Trundle,5,35,4,jungle:top
123,Graves,4,4,5,adc
123,Ziggs,6,7,2,mid
123,Leona,4,10,6,support
123,Zilean,4,3,35,support
123,Wukong,3,8,5,top:jungle
123,Ashe,4,5,45,adc
123,Singed,5,6,24,top
124,Yorick,3,26,3,top:jungle
124,Sivir,5,4,40,adc
124,Malphite,3,3,24,top:jungle
124,Miss Fortune,3,3,18,adc
124,Annie,8,4,34,mid
124,Shen,3,5,26,top
124,Xin Zhao,6,29,7,jungle:top
124,Veigar,6,6,31,mid
124,Gragas,6,33,12,mid
124,Lulu,7,124,1,support
125,Poppy,7,18,12,top
125,Viktor,9,14,2,mid
125,Teemo,4,10,23,top:mid:support
125,Dr. Mundo,4,36,12,jungle
125,Morgana,6,7,32,mid:support
125,Skarner,5,6,6,jungle
125,Galio,4,6,15,mid
125,Heimerdinger,4,9,34,mid
125,Kog'Maw,8,6,14,adc
125,Alistar,8,5,24,support
126,Shaco,9,33,8,jungle
126,Rammus,5,4,23,jungle
126,Corki,7,8,20,adc
126,Graves,4,3,6,adc
126,Maokai,4,6,12,jungle
126,Ryze,3,5,33,mid:top
126,Sion,4,6,19,top
126,Nunu,1,12,23,support:jungle
126,Soraka,3,7,26,support
126,Ahri,8,7,3,mid
127,Nidalee,7,30,11,mid:support
127,Brand,6,17,6,mid
127,Hecarim,5,127,1,jungle
127,Vayne,7,6,7,adc
127,Fiddlesticks,5,9,26,jungle:support
127,Udyr,5,44,10,jungle:top
127,Zilean,4,4,36,support
127,Cho'Gath,7,5,29,jungle:top
127,Ashe,4,4,46,adc
127,Singed,5,4,25,top
128,Twisted Fate,9,28,16,mid
128,Warwick,2,9,20,jungle
128,Malphite,3,4,25,top:jungle
128,Vladimir,2,15,8,mid:top
128,Kayle,5,26,20,support:mid
128,Olaf,4,26,6,top:jungle
128,Annie,8,4,35,mid
128,Leona,4,5,7,support
128,Caitlyn,6,6,15,adc
128,Talon,6,11,4,mid
129,Sivir,5,5,41,adc
129,Miss Fortune,3,5,19,adc
129,Shyvana,4,17,3,jungle:top
129,Sona,1,8,10,support
129,Cassiopeia,10,15,6,mid
129,Kennen,5,51,9,mid:top
129,Shen,3,5,27,top
129,Garen,2,11,15,top
129,Mordekaiser,3,9,16,mid
129,Nautilus,6,11,2,jungle
130,Riven,4,12,4,top
130,Graves,4,4,7,adc
130,Lux,6,40,5,mid
130,Maokai,4,4,13,jungle
130,Morgana,6,5,33,mid:support
130,Volibear,2,14,3,jungle:top
130,Varus,6,130,1,adc
130,Alistar,8,5,25,support
130,Malzahar,6,13,9,mid
130,Master Yi,2,8,24,jungle:top
131,Anivia,8,24,14,mid
131,Sejuani,4,10,3,jungle
131,Pantheon,5,20,8,top:mid
131,Nasus,2,9,19,top
131,Caitlyn,6,3,16,adc
131,Amumu,4,10,22,jungle
131,Kog'Maw,8,6,15,adc
131,Katarina,5,12,20,mid:top
131,Soraka,3,5,27,support
131,Veigar,6,7,32,mid
132,Gangplank,5,10,23,top
132,Kassadin,8,10,21,mid
132,Vayne,7,5,8,adc
132,Darius,4,132,1,top
132,Cho'Gath,7,5,30,jungle:top
132,Urgot,8,10,13,adc
132,Wukong,3,9,6,top:jungle
132,Galio,4,7,16,mid
132,Heimerdinger,4,7,35,mid
132,Janna,9,16,21,support
133,Jax,6,19,15,top
133,Rammus,5,7,24,jungle
133,Corki,7,7,21,adc
133,Xerath,6,13,4,mid
133,Miss Fortune,3,4,20,adc
133,Ryze,3,7,34,mid:top
133,Skarner,5,8,7,jungle
133,Singed,5,6,26,top
133,Garen,2,4,16,top
133,Taric,3,11,29,support
134,Malphite,3,6,26,top:jungle
134,Blitzcrank,4,13,26,support
134,Graves,4,4,8,adc
134,Fiora,5,14,2,top
134,Sona,1,5,11,support
134,Annie,8,6,36,mid
134,Teemo,4,9,24,top:mid:support
134,Fiddlesticks,5,7,27,jungle:support
134,Leona,4,6,8,support
134,Rumble,8,38,4,top
135,Orianna,10,14,5,mid
135,Poppy,7,10,13,top
135,Fizz,8,18,3,mid
135,LeBlanc,9,16,7,mid
135,Shen,3,6,28,top
135,Caitlyn,6,4,17,adc
135,Zilean,4,8,37,support
135,Nunu,1,9,24,support:jungle
135,Alistar,8,5,26,support
135,Draven,10,135,1,adc
136,Warwick,2,8,21,jungle
136,Sivir,5,7,42,adc
136,Sejuani,4,5,4,jungle
136,Maokai,4,6,14,jungle
136,Kayle,5,8,21,support:mid
136,Akali,6,53,6,mid:top
136,Swain,5,14,8,mid
136,Ashe,4,9,47,adc
136,Jarvan IV,5,18,5,jungle
136,Veigar,6,5,33,mid
137,Miss Fortune,3,4,21,adc
137,Renekton,3,25,6,top
137,Ziggs,6,14,3,mid
137,Sion,4,11,20,top
137,Morgana,6,7,34,mid:support
137,Cho'Gath,7,5,31,jungle:top
137,Amumu,4,6,23,jungle
137,Heimerdinger,4,5,36,mid
137,Kog'Maw,8,6,16,adc
137,Master Yi,2,7,25,jungle:top
138,Brand,6,11,7,mid
138,Graves,4,4,9,adc
138,Kassadin,8,6,22,mid
138,Dr. Mundo,4,13,13,jungle
138,Wukong,3,6,7,top:jungle
138,Galio,4,6,17,mid
138,Singed,5,5,27,top
138,Mordekaiser,3,9,17,mid
138,Soraka,3,7,28,support
138,Ezreal,8,18,14,adc
139,Gangplank,5,7,24,top
139,Malphite,3,5,27,top:jungle
139,Jayce,8,139,1,top
139,Nocturne,6,18,6,jungle
139,Annie,8,5,37,mid
139,Vayne,7,7,9,adc
139,Fiddlesticks,5,5,28,jungle:support
139,Skarner,5,6,8,jungle
139,Urgot,8,7,14,adc
139,Lulu,7,15,2,support
140,Corki,7,7,22,adc
140,Tryndamere,6,17,10,top
140,Karthus,8,17,11,mid
140,Sejuani,4,4,5,jungle
140,Ryze,3,7,35,mid:top
140,Caitlyn,6,5,18,adc
140,Zilean,4,5,38,support
140,Alistar,8,5,27,support
140,Irelia,5,31,7,top
140,Gragas,6,16,13,mid
141,Rammus,5,8,25,jungle
141,Sona,1,7,12,support
141,Viktor,9,16,3,mid
141,Hecarim,5,14,2,jungle
141,Shen,3,6,29,top
141,Heimerdinger,4,4,37,mid
141,Ashe,4,5,48,adc
141,Varus,6,11,2,adc
141,Garen,2,8,17,top
141,Evelynn,8,96,5,mid:jungle
142,Zyra,7,142,1,mid:support
142,Sivir,5,6,43,adc
142,Lee Sin,9,26,5,jungle:top
142,Nasus,2,11,20,top
142,Udyr,5,15,11,jungle:top
142,Cho'Gath,7,5,32,jungle:top
142,Amumu,4,5,24,jungle
142,Twitch,8,33,7,adc
142,Soraka,3,4,29,support
142,Veigar,6,6,34,mid
143,Twisted Fate,9,15,17,mid
143,Miss Fortune,3,6,22,adc
143,Kassadin,8,5,23,mid
143,Annie,8,4,38,mid
143,Galio,4,5,18,mid
143,Singed,5,5,28,top
143,Nunu,1,8,25,support:jungle
143,Xin Zhao,6,19,8,jungle:top
143,Diana,4,143,1,mid:top
143,Janna,9,11,22,support
144,Malphite,3,5,28,top:jungle
144,Graves,4,6,10,adc
144,Kennen,5,15,10,mid:top
144,Teemo,4,10,25,top:mid:support
144,Leona,4,10,9,support
144,Volibear,2,14,4,jungle:top
144,Katarina,5,13,21,mid:top
144,Taric,3,11,30,support
144,Master Yi,2,7,26,jungle:top
144,Ahri,8,18,4,mid
145,Sejuani,4,5,6,jungle
145,Lux,6,15,6,mid
145,Rengar,5,145,1,jungle:top
145,Ryze,3,5,36,mid:top
145,Vayne,7,6,10,adc
145,Caitlyn,6,5,19,adc
145,Darius,4,13,2,top
145,Alistar,8,5,28,support
145,Talon,6,17,5,mid
145,Lulu,7,6,3,support
146,Corki,7,6,23,adc
146,Riven,4,16,5,top
146,Vladimir,2,18,9,mid:top
146,Annie,8,3,39,mid
146,Dr. Mundo,4,8,14,jungle
146,Cho'Gath,7,4,33,jungle:top
146,Varus,6,5,3,adc
146,Mordekaiser,3,8,18,mid
146,Jarvan IV,5,10,6,jungle
146,Janna,9,3,23,support
147,Jax,6,14,16,top
147,Twisted Fate,9,4,18,mid
147,Warwick,2,11,22,jungle
147,Miss Fortune,3,4,23,adc
147,Blitzcrank,4,13,27,support
147,Udyr,5,5,12,jungle:top
147,Morgana,6,10,35,mid:support
147,Zilean,4,7,39,support
147,Amumu,4,5,25,jungle
147,Soraka,3,5,30,support
148,Anivia,8,17,15,mid
148,Sivir,5,6,44,adc
148,Hecarim,5,7,3,jungle
148,Syndra,10,148,1,mid
148,Ryze,3,3,37,mid:top
148,Nasus,2,6,21,top
148,Ashe,4,7,49,adc
148,Singed,5,5,29,top
148,Taric,3,4,31,support
148,Nautilus,6,19,3,jungle
149,Malphite,3,5,29,top:jungle
149,Karthus,8,9,12,mid
149,Kayle,5,13,22,support:mid
149,Teemo,4,5,26,top:mid:support
149,Sion,4,12,21,top
149,Urgot,8,10,15,adc
149,Galio,4,6,19,mid
149,Xin Zhao,6,6,9,jungle:top
149,Irelia,5,9,8,top
149,Master Yi,2,5,27,jungle:top
150,Jax,6,3,17,top
150,Tryndamere,6,10,11,top
150,Lux,6,5,7,mid
150,Pantheon,5,19,9,top:mid
150,Fiddlesticks,5,11,29,jungle:support
150,Amumu,4,3,26,jungle
150,Twitch,8,8,8,adc
150,Kog'Maw,8,13,17,adc
150,Nunu,1,7,26,support:jungle
150,Soraka,3,3,31,support
151,Corki,7,5,24,adc
151,Kha'Zix,7,151,1,mid:top
151,Gangplank,5,12,25,top
151,Kassadin,8,8,24,mid
151,Sona,1,10,13,support
151,Annie,8,5,40,mid
151,Kennen,5,7,11,mid:top
151,Leona,4,7,10,support
151,Volibear,2,7,5,jungle:top
151,Ezreal,8,13,15,adc
152,Miss Fortune,3,5,24,adc
152,Viktor,9,11,4,mid
152,Ziggs,6,15,4,mid
152,Dr. Mundo,4,6,15,jungle
152,Vayne,7,7,11,adc
152,Skarner,5,13,9,jungle
152,Cho'Gath,7,6,34,jungle:top
152,Alistar,8,7,29,support
152,Katarina,5,8,22,mid:top
152,Janna,9,6,24,support
153,Sivir,5,5,45,adc
153,Riven,4,7,6,top
153,Blitzcrank,4,6,28,support
153,Olaf,4,25,7,top:jungle
153,Morgana,6,6,36,mid:support
153,Galio,4,4,20,mid
153,Ashe,4,5,50,adc
153,Singed,5,5,30,top
153,Talon,6,8,6,mid
153,Lulu,7,8,4,support
154,Corki,7,3,25,adc
154,Anivia,8,6,16,mid
154,Yorick,3,30,4,top:jungle
154,Sejuani,4,9,7,jungle
154,Renekton,3,17,7,top
154,Annie,8,3,41,mid
154,Caitlyn,6,9,20,adc
154,Amumu,4,4,27,jungle
154,Taric,3,6,32,support
154,Nautilus,6,6,4,jungle
155,Jax,6,5,18,top
155,Lux,6,5,8,mid
155,Vladimir,2,9,10,mid:top
155,Maokai,4,19,15,jungle
155,Fiddlesticks,5,5,30,jungle:support
155,Wukong,3,17,8,top:jungle
155,Volibear,2,4,6,jungle:top
155,Ashe,4,2,51,adc
155,Twitch,8,5,9,adc
155,Elise,8,155,1,top:jungle
156,Gangplank,5,5,26,top
156,Malphite,3,7,30,top:jungle
156,Karthus,8,7,13,mid
156,Shyvana,4,27,4,jungle:top
156,Ziggs,6,4,5,mid
156,Teemo,4,7,27,top:mid:support
156,Dr. Mundo,4,4,16,jungle
156,Cho'Gath,7,4,35,jungle:top
156,Kog'Maw,8,6,18,adc
156,Janna,9,4,25,support
157,Warwick,2,10,23,jungle
157,Xerath,6,24,5,mid
157,Riven,4,4,7,top
157,Miss Fortune,3,5,25,adc
157,Blitzcrank,4,4,29,support
157,Vayne,7,5,12,adc
157,Udyr,5,10,13,jungle:top
157,Leona,4,6,11,support
157,Amumu,4,3,28,jungle
157,Evelynn,8,16,6,mid:jungle
158,Twisted Fate,9,11,19,mid
158,Brand,6,20,8,mid
158,Rammus,5,17,26,jungle
158,Graves,4,14,11,adc
158,Sona,1,7,14,support
158,Nasus,2,10,22,top
158,Morgana,6,5,37,mid:support
158,Caitlyn,6,4,21,adc
158,Jarvan IV,5,12,7,jungle
158,Zed,9,158,1,mid:top
159,Jax,6,4,19,top
159,Nidalee,7,32,12,mid:support
159,Kassadin,8,8,25,mid
159,Vladimir,2,4,11,mid:top
159,Akali,6,23,7,mid:top
159,Urgot,8,10,16,adc
159,Singed,5,6,31,top
159,Taric,3,5,33,support
159,Nautilus,6,5,5,jungle
159,Gragas,6,19,14,mid
160,Lux,6,5,9,mid
160,Teemo,4,4,28,top:mid:support
160,Dr. Mundo,4,4,17,jungle
160,Swain,5,24,9,mid
160,Cho'Gath,7,4,36,jungle:top
160,Twitch,8,5,10,adc
160,Kog'Maw,8,4,19,adc
160,Mordekaiser,3,14,19,mid
160,Irelia,5,11,9,top
160,Soraka,3,10,32,support
161,Corki,7,7,26,adc
161,Xerath,6,4,6,mid
161,Orianna,10,26,6,mid
161,Viktor,9,9,5,mid
161,Hecarim,5,13,4,jungle
161,Udyr,5,4,14,jungle:top
161,Amumu,4,4,29,jungle
161,Ashe,4,6,52,adc
161,Nunu,1,11,27,support:jungle
161,Xin Zhao,6,12,10,jungle:top
162,Rammus,5,4,27,jungle
162,Anivia,8,8,17,mid
162,Gangplank,5,6,27,top
162,Nocturne,6,23,7,jungle
162,Lee Sin,9,20,6,jungle:top
162,Morgana,6,4,38,mid:support
162,Galio,4,9,21,mid
162,Varus,6,16,4,adc
162,Nami,8,162,1,support
162,Janna,9,6,26,support
163,Zyra,7,21,2,mid:support
163,Blitzcrank,4,6,30,support
163,Sejuani,4,9,8,jungle
163,Renekton,3,9,8,top
163,LeBlanc,9,28,8,mid
163,Rumble,8,29,5,top
163,Singed,5,4,32,top
163,Taric,3,4,34,support
163,Evelynn,8,6,7,mid:jungle
163,Ezreal,8,12,16,adc
164,Jax,6,5,20,top
164,Brand,6,6,9,mid
164,Malphite,3,8,31,top:jungle
164,Nasus,2,6,23,top
164,Fiddlesticks,5,9,31,jungle:support
164,Leona,4,7,12,support
164,Urgot,8,5,17,adc
164,Kog'Maw,8,4,20,adc
164,Vi,5,164,1,jungle
164,Ahri,8,20,5,mid
165,Miss Fortune,3,8,26,adc
165,Karthus,8,9,14,mid
165,Lux,6,5,10,mid
165,Shyvana,4,9,5,jungle:top
165,Sona,1,7,15,support
165,Sion,4,16,22,top
165,Skarner,5,13,10,jungle
165,Cho'Gath,7,5,37,jungle:top
165,Wukong,3,10,9,top:jungle
165,Ashe,4,4,53,adc
166,Corki,7,5,27,adc
166,Tryndamere,6,16,12,top
166,Sivir,5,13,46,adc
166,Riven,4,9,8,top
166,Maokai,4,11,16,jungle
166,Ziggs,6,10,6,mid
166,Dr. Mundo,4,6,18,jungle
166,Katarina,5,14,23,mid:top
166,Malzahar,6,36,10,mid
166,Lulu,7,13,5,support
167,Graves,4,9,12,adc
167,Viktor,9,6,6,mid
167,Kayle,5,18,23,support:mid
167,Annie,8,13,42,mid
167,Ryze,3,19,38,mid:top
167,Udyr,5,6,15,jungle:top
167,Amumu,4,6,30,jungle
167,Xin Zhao,6,6,11,jungle:top
167,Janna,9,5,27,support
167,Nautilus,6,8,6,jungle
168,Zyra,7,5,3,mid:support
168,Gangplank,5,6,28,top
168,Fiora,5,34,3,top
168,Kassadin,8,9,26,mid
168,Thresh,7,168,1,support
168,Teemo,4,8,29,top:mid:support
168,Singed,5,5,33,top
168,Twitch,8,8,11,adc
168,Nunu,1,7,28,support:jungle
168,Master Yi,2,19,28,jungle:top
169,Trundle,5,46,5,jungle:top
169,Shen,3,28,30,top
169,Fiddlesticks,5,5,32,jungle:support
169,Morgana,6,7,39,mid:support
169,Galio,4,7,22,mid
169,Garen,2,28,18,top
169,Talon,6,16,7,mid
169,Soraka,3,9,33,support
169,Gragas,6,10,15,mid
169,Ezreal,8,6,17,adc
170,Jax,6,6,21,top
170,Brand,6,6,10,mid
170,Rammus,5,8,28,jungle
170,Anivia,8,8,18,mid
170,Olaf,4,17,8,top:jungle
170,Caitlyn,6,12,22,adc
170,Wukong,3,5,10,top:jungle
170,Volibear,2,15,7,jungle:top
170,Ashe,4,5,54,adc
170,Taric,3,7,35,support
171,Warwick,2,14,24,jungle
171,Corki,7,5,28,adc
171,Karthus,8,6,15,mid
171,Nasus,2,7,24,top
171,Skarner,5,6,11,jungle
171,Cho'Gath,7,6,38,jungle:top
171,Varus,6,9,5,adc
171,Mordekaiser,3,11,20,mid
171,Veigar,6,29,35,mid
171,Janna,9,4,28,support
172,Twisted Fate,9,14,20,mid
172,Malphite,3,8,32,top:jungle
172,Miss Fortune,3,7,27,adc
172,Nocturne,6,10,8,jungle
172,Shyvana,4,7,6,jungle:top
172,Kennen,5,21,12,mid:top
172,Swain,5,12,10,mid
172,Jarvan IV,5,14,8,jungle
172,Lulu,7,6,6,support
172,Ahri,8,8,6,mid
173,Xerath,6,12,7,mid
173,Gangplank,5,5,29,top
173,Sejuani,4,10,9,jungle
173,Vladimir,2,14,12,mid:top
173,Kayle,5,6,24,support:mid
173,Pantheon,5,23,10,top:mid
173,Twitch,8,5,12,adc
173,Irelia,5,13,10,top
173,Soraka,3,4,34,support
173,Quinn,7,173,1,adc
174,Kha'Zix,7,23,2,mid:top
174,Sivir,5,8,47,adc
174,Riven,4,8,9,top
174,Fizz,8,39,4,mid
174,Sona,1,9,16,support
174,Annie,8,7,43,mid
174,Akali,6,15,8,mid:top
174,Vayne,7,17,13,adc
174,Kog'Maw,8,10,21,adc
174,Nautilus,6,7,7,jungle
175,Nidalee,7,16,13,mid:support
175,Orianna,10,14,7,mid
175,Graves,4,8,13,adc
175,Lux,6,10,11,mid
175,Renekton,3,12,9,top
175,Nasus,2,4,25,top
175,Zilean,4,28,40,support
175,Amumu,4,8,31,jungle
175,Draven,10,40,2,adc
175,Diana,4,32,2,mid:top
176,Blitzcrank,4,13,31,support
176,Ryze,3,9,39,mid:top
176,Udyr,5,9,16,jungle:top
176,Leona,4,12,13,support
176,Caitlyn,6,6,23,adc
176,Katarina,5,10,24,mid:top
176,Malzahar,6,10,11,mid
176,Nami,8,14,2,support
176,Master Yi,2,8,29,jungle:top
176,Ezreal,8,7,18,adc
177,Zyra,7,9,4,mid:support
177,Karthus,8,6,16,mid
177,Maokai,4,11,17,jungle
177,Lee Sin,9,15,7,jungle:top
177,Karma,8,69,5,support
177,Teemo,4,9,30,top:mid:support
177,Morgana,6,8,40,mid:support
177,Wukong,3,7,11,top:jungle
177,Ashe,4,7,55,adc
177,Zac,6,177,1,jungle:top
178,Rammus,5,8,29,jungle
178,Miss Fortune,3,6,28,adc
178,Thresh,7,10,2,support
178,Shen,3,9,31,top
178,Dr. Mundo,4,12,19,jungle
178,Fiddlesticks,5,9,33,jungle:support
178,Twitch,8,5,13,adc
178,Xin Zhao,6,11,12,jungle:top
178,Veigar,6,7,36,mid
178,Zed,9,20,2,mid:top
179,Anivia,8,9,19,mid
179,Tryndamere,6,13,13,top
179,Olaf,4,9,9,top:jungle
179,Udyr,5,3,17,jungle:top
179,Volibear,2,9,8,jungle:top
179,Ashe,4,2,56,adc
179,Nunu,1,11,29,support:jungle
179,Janna,9,8,29,support
179,Gragas,6,10,16,mid
179,Quinn,7,6,2,adc
180,Corki,7,9,29,adc
180,Jayce,8,41,2,top
180,Trundle,5,11,6,jungle:top
180,Sejuani,4,7,10,jungle
180,Cassiopeia,10,51,7,mid
180,Annie,8,6,44,mid
180,Darius,4,35,3,top
180,Kog'Maw,8,6,22,adc
180,Taric,3,10,36,support
180,Lulu,7,8,7,support
181,Shaco,9,55,9,jungle
181,Sivir,5,7,48,adc
181,Nocturne,6,9,9,jungle
181,Sona,1,7,17,support
181,Rengar,5,36,2,jungle:top
181,Caitlyn,6,5,24,adc
181,Galio,4,12,23,mid
181,Heimerdinger,4,40,38,mid
181,Elise,8,26,2,top:jungle
181,Lissandra,8,181,1,mid:top
182,Malphite,3,10,33,top:jungle
182,Syndra,10,34,2,mid
182,Rumble,8,19,6,top
182,Urgot,8,18,18,adc
182,Varus,6,11,6,adc
182,Mordekaiser,3,11,21,mid
182,Talon,6,13,8,mid
182,Soraka,3,9,35,support
182,Evelynn,8,19,8,mid:jungle
182,Vi,5,18,2,jungle
183,Graves,4,8,14,adc
183,Viktor,9,16,7,mid
183,Ziggs,6,17,7,mid
183,Nasus,2,8,26,top
183,Leona,4,7,14,support
183,Zilean,4,8,41,support
183,Skarner,5,12,12,jungle
183,Cho'Gath,7,12,39,jungle:top
183,Garen,2,14,19,top
183,Ezreal,8,7,19,adc
184,Nidalee,7,9,14,mid:support
184,Brand,6,14,11,mid
184,Miss Fortune,3,6,29,adc
184,Hecarim,5,23,5,jungle
184,LeBlanc,9,21,9,mid
184,Pantheon,5,11,11,top:mid
184,Amumu,4,9,32,jungle
184,Singed,5,16,34,top
184,Twitch,8,6,14,adc
184,Nami,8,8,3,support
185,Zyra,7,8,5,mid:support
185,Rammus,5,7,30,jungle
185,Shyvana,4,13,7,jungle:top
185,Fiora,5,17,4,top
185,Kassadin,8,17,27,mid
185,Vayne,7,11,14,adc
185,Ashe,4,6,57,adc
185,Xin Zhao,6,7,13,jungle:top
185,Janna,9,6,30,support
185,Ahri,8,13,7,mid
186,Jax,6,16,22,top
186,Warwick,2,15,25,jungle
186,Xerath,6,13,8,mid
186,Gangplank,5,13,30,top
186,Blitzcrank,4,10,32,support
186,Vladimir,2,13,13,mid:top
186,Caitlyn,6,5,25,adc
186,Jarvan IV,5,14,9,jungle
186,Taric,3,6,37,support
186,Quinn,7,7,3,adc
187,Twisted Fate,9,15,21,mid
187,Sivir,5,6,49,adc
187,Lux,6,12,12,mid
187,Renekton,3,12,10,top
187,Maokai,4,10,18,jungle
187,Karma,8,10,6,support
187,Ryze,3,11,40,mid:top
187,Zac,6,10,2,jungle:top
187,Draven,10,12,3,adc
187,Irelia,5,14,11,top
188,Orianna,10,13,8,mid
188,Miss Fortune,3,4,30,adc
188,Sona,1,7,18,support
188,Akali,6,14,9,mid:top
188,Dr. Mundo,4,10,20,jungle
188,Swain,5,16,11,mid
188,Morgana,6,11,41,mid:support
188,Aatrox,6,188,1,top:jungle
188,Master Yi,2,12,30,jungle:top
188,Ezreal,8,5,20,adc
189,Riven,4,15,10,top
189,Trundle,5,9,7,jungle:top
189,Kennen,5,17,13,mid:top
189,Teemo,4,12,31,top:mid:support
189,Leona,4,6,15,support
189,Wukong,3,12,12,top:jungle
189,Varus,6,7,7,adc
189,Kog'Maw,8,9,23,adc
189,Nunu,1,10,30,support:jungle
189,Katarina,5,13,25,mid:top
190,Corki,7,10,30,adc
190,Malphite,3,8,34,top:jungle
190,Karthus,8,13,17,mid
190,Jayce,8,10,3,top
190,Graves,4,7,15,adc
190,Olaf,4,11,10,top:jungle
190,Volibear,2,11,9,jungle:top
190,Malzahar,6,14,12,mid
190,Soraka,3,8,36,support
190,Zed,9,12,3,mid:top
191,Nidalee,7,7,15,mid:support
191,Kha'Zix,7,17,3,mid:top
191,Fizz,8,17,5,mid
191,Thresh,7,13,3,support
191,Shen,3,13,32,top
191,Fiddlesticks,5,13,34,jungle:support
191,Udyr,5,12,18,jungle:top
191,Ashe,4,6,58,adc
191,Twitch,8,7,15,adc
191,Diana,4,16,3,mid:top
192,Sivir,5,5,50,adc
192,Sejuani,4,12,11,jungle
192,Shyvana,4,7,8,jungle:top
192,Fiora,5,7,5,top
192,Annie,8,12,45,mid
192,Vayne,7,7,15,adc
192,Leona,4,3,16,support
192,Nami,8,8,4,support
192,Veigar,6,14,37,mid
192,Nautilus,6,18,8,jungle
193,Jax,6,7,23,top
193,Anivia,8,14,20,mid
193,Caitlyn,6,7,26,adc
193,Cho'Gath,7,10,40,jungle:top
193,Urgot,8,11,19,adc
193,Garen,2,10,20,top
193,Mordekaiser,3,11,22,mid
193,Taric,3,7,38,support
193,Lissandra,8,12,2,mid:top
193,Lulu,7,13,8,support
194,Tryndamere,6,15,14,top
194,Orianna,10,6,9,mid
194,Miss Fortune,3,6,31,adc
194,Blitzcrank,4,8,33,support
194,Ziggs,6,11,8,mid
194,Darius,4,14,4,top
194,Zilean,4,11,42,support
194,Amumu,4,10,33,jungle
194,Vi,5,12,3,jungle
194,Quinn,7,8,4,adc
195,Zyra,7,10,6,mid:support
195,Sivir,5,3,51,adc
195,Sona,1,7,19,support
195,Viktor,9,12,8,mid
195,Nasus,2,12,27,top
195,Rumble,8,13,7,top
195,Skarner,5,12,13,jungle
195,Janna,9,10,31,support
195,Gragas,6,16,17,mid
195,Ezreal,8,7,21,adc
196,Rammus,5,11,31,jungle
196,Nocturne,6,15,10,jungle
196,Lux,6,9,13,mid
196,Vladimir,2,10,14,mid:top
196,LeBlanc,9,12,10,mid
196,Singed,5,12,35,top
196,Kog'Maw,8,7,24,adc
196,Draven,10,9,4,adc
196,Soraka,3,6,37,support
196,Ahri,8,11,8,mid
197,Graves,4,7,16,adc
197,Renekton,3,10,11,top
197,Kassadin,8,12,28,mid
197,Thresh,7,6,4,support
197,Kayle,5,24,25,support:mid
197,Rengar,5,16,3,jungle:top
197,Galio,4,16,24,mid
197,Varus,6,8,8,adc
197,Nami,8,5,5,support
197,Evelynn,8,15,9,mid:jungle
198,Twisted Fate,9,11,22,mid
198,Riven,4,9,11,top
198,Lucian,8,198,1,adc
198,Cassiopeia,10,18,8,mid
198,Rengar,5,1,4,jungle:top
198,Leona,4,6,17,support
198,Twitch,8,7,16,adc
198,Elise,8,17,3,top:jungle
198,Xin Zhao,6,13,14,jungle:top
198,Janna,9,3,32,support
199,Warwick,2,13,26,jungle
199,Brand,6,15,12,mid
199,Trundle,5,10,8,jungle:top
199,Sejuani,4,7,12,jungle
199,Karma,8,12,7,support
199,Vayne,7,7,16,adc
199,Ashe,4,8,59,adc
199,Aatrox,6,11,2,top:jungle
199,Talon,6,17,9,mid
199,Lulu,7,6,9,support
200,Malphite,3,10,35,top:jungle
200,Miss Fortune,3,6,32,adc
200,Blitzcrank,4,6,34,support
200,Akali,6,12,10,mid:top
200,Ryze,3,13,41,mid:top
200,Pantheon,5,16,12,top:mid
200,Caitlyn,6,7,27,adc
200,Taric,3,7,39,support
200,Zed,9,10,4,mid:top
200,Master Yi,2,12,31,jungle:top
201,Zyra,7,6,7,mid:support
201,Sivir,5,6,52,adc
201,Shyvana,4,9,9,jungle:top
201,Syndra,10,19,3,mid
201,Kennen,5,12,14,mid:top
201,Morgana,6,13,42,mid:support
201,Heimerdinger,4,20,39,mid
201,Volibear,2,11,10,jungle:top
201,Soraka,3,5,38,support
201,Quinn,7,7,5,adc
202,Corki,7,12,31,adc
202,Sona,1,7,20,support
202,Lee Sin,9,25,8,jungle:top
202,Cho'Gath,7,9,41,jungle:top
202,Wukong,3,13,13,top:jungle
202,Katarina,5,13,26,mid:top
202,Jarvan IV,5,16,10,jungle
202,Malzahar,6,12,13,mid
202,Nami,8,5,6,support
202,Ezreal,8,7,22,adc
